<?xml version="1.0" encoding="UTF-8"?>
<project-private xmlns="http://www.netbeans.org/ns/project-private/1">
    <editor-bookmarks xmlns="http://www.netbeans.org/ns/editor-bookmarks/2" lastBookmarkId="0"/>
    <open-files xmlns="http://www.netbeans.org/ns/projectui-open-files/2">
        <group>
            <file>file:/C:/Users/caleb/OneDrive/Documents/NetBeansProjects/assignment1v2/src/assignment1v2/StudentInformation.java</file>
            <file>file:/C:/Users/caleb/OneDrive/Documents/NetBeansProjects/assignment1v2/src/assignment1v2/Menu.java</file>
            <file>file:/C:/Users/caleb/OneDrive/Documents/NetBeansProjects/assignment1v2/src/assignment1v2/Assignment1v2.java</file>
            <file>file:/C:/Users/caleb/OneDrive/Documents/NetBeansProjects/assignment1v2/src/assignment1v2/Student.java</file>
        </group>
    </open-files>
</project-private>
